<?xml version="1.0" encoding="UTF-8" standalone="yes"?>
<taxform>
    <superhero>
        <name>Nick Nedd</name>
        <gender>Male</gender>
        <email>nick@tick.com</email>
        <birthyear>1976</birthyear>
        <heroname>The Tick</heroname>
        <spandex>Yes</spandex>
        <strength>9</strength>
        <speed>7</speed>
        <intelligence>5</intelligence>
        <wealth>0</wealth>
        <income>90287</income>
        <tax>29794</tax>
    </superhero>
    <superhero>
        <name>Bruce Wayne</name>
        <gender>Male</gender>
        <email>bruce@wayneinterprises.com</email>
        <birthyear>1974</birthyear>
        <heroname>Batman</heroname>
        <spandex>No</spandex>
        <strength>7</strength>
        <speed>4</speed>
        <intelligence>9</intelligence>
        <wealth>50144501</wealth>
        <income>3343891</income>
        <tax>11132384</tax>
    </superhero>
    <superhero>
        <name>Selina Kyle</name>
        <gender>Female</gender>
        <email>selina@whiskas.com</email>
        <birthyear>1977</birthyear>
        <heroname>Catwoman</heroname>
        <spandex>Yes</spandex>
        <strength>6</strength>
        <speed>6</speed>
        <intelligence>9</intelligence>
        <wealth>2987323</wealth>
        <income>0</income>
        <tax>597464</tax>
    </superhero>
</taxform>